City,URL
Karachi,https://hbl-web.peekaboo.guru/karachi/places/_all/all
Lahore,https://hbl-web.peekaboo.guru/lahore/places/_all/all
Islamabad,https://hbl-web.peekaboo.guru/islamabad/places/_all/all
Rawalpindi,https://hbl-web.peekaboo.guru/rawalpindi/places/_all/all
Multan,https://hbl-web.peekaboo.guru/multan/places/_all/all
Peshawar,https://hbl-web.peekaboo.guru/peshawar/places/_all/all
"Abbottabad, Pakistan",https://hbl-web.peekaboo.guru/abbottabad/places/_all/all
"Ahmed Pur East, Pakistan",https://hbl-web.peekaboo.guru/ahmed-pur-east/places/_all/all
"Arifwala, Pakistan",https://hbl-web.peekaboo.guru/arifwala/places/_all/all
"Attock, Pakistan",https://hbl-web.peekaboo.guru/attock/places/_all/all
"Bahawalnagar, Pakistan",https://hbl-web.peekaboo.guru/bahawalnagar/places/_all/all
"Bahawalpur, Pakistan",https://hbl-web.peekaboo.guru/bahawalpur/places/_all/all
"Bannu, Pakistan",https://hbl-web.peekaboo.guru/bannu/places/_all/all
"Batagram, Pakistan",https://hbl-web.peekaboo.guru/batagram/places/_all/all
"Bhalwal, Pakistan",https://hbl-web.peekaboo.guru/bhalwal/places/_all/all
"Bhera, Pakistan",https://hbl-web.peekaboo.guru/bhera/places/_all/all
"Burewala, Pakistan",https://hbl-web.peekaboo.guru/burewala/places/_all/all
"Chakwal, Pakistan",https://hbl-web.peekaboo.guru/chakwal/places/_all/all
"Charsadda, Pakistan",https://hbl-web.peekaboo.guru/charsadda/places/_all/all
"Chichawatni, Pakistan",https://hbl-web.peekaboo.guru/chichawatni/places/_all/all
"Chiniot, Pakistan",https://hbl-web.peekaboo.guru/chiniot/places/_all/all
"Chishtian, Pakistan",https://hbl-web.peekaboo.guru/chishtian/places/_all/all
"Dadu, Pakistan",https://hbl-web.peekaboo.guru/dadu/places/_all/all
"Dadyal, Pakistan",https://hbl-web.peekaboo.guru/dadyal/places/_all/all
"Daska, Pakistan",https://hbl-web.peekaboo.guru/daska/places/_all/all
"Depalpur, Pakistan",https://hbl-web.peekaboo.guru/depalpur/places/_all/all
"Dera Ghazi Khan, Pakistan",https://hbl-web.peekaboo.guru/dera-ghazi-khan/places/_all/all
"Dera Ismail Khan, Pakistan",https://hbl-web.peekaboo.guru/dera-ismail-khan/places/_all/all
"Digri, Pakistan",https://hbl-web.peekaboo.guru/digri/places/_all/all
"Dina, Pakistan",https://hbl-web.peekaboo.guru/dina/places/_all/all
"Dinga, Pakistan",https://hbl-web.peekaboo.guru/dinga/places/_all/all
"Dunyapur, Pakistan",https://hbl-web.peekaboo.guru/dunyapur/places/_all/all
"Faisalabad, Pakistan",https://hbl-web.peekaboo.guru/faisalabad/places/_all/all
"Fatehpur, Pakistan",https://hbl-web.peekaboo.guru/fatehpur/places/_all/all
"Fort Abbas, Pakistan",https://hbl-web.peekaboo.guru/fort-abbas/places/_all/all
"Gaggoo Mandi, Pakistan",https://hbl-web.peekaboo.guru/gaggoo-mandi/places/_all/all
"Ghotki, Pakistan",https://hbl-web.peekaboo.guru/ghotki/places/_all/all
"Gilgit, Pakistan",https://hbl-web.peekaboo.guru/gilgit/places/_all/all
"Gojra, Pakistan",https://hbl-web.peekaboo.guru/gojra/places/_all/all
"Gujar Khan, Pakistan",https://hbl-web.peekaboo.guru/gujar-khan/places/_all/all
"Gujranwala, Pakistan",https://hbl-web.peekaboo.guru/gujranwala/places/_all/all
"Gujrat, Pakistan",https://hbl-web.peekaboo.guru/gujrat/places/_all/all
"Gwadar, Pakistan",https://hbl-web.peekaboo.guru/gwadar/places/_all/all
"Hafizabad, Pakistan",https://hbl-web.peekaboo.guru/hafizabad/places/_all/all
"Haripur, Pakistan",https://hbl-web.peekaboo.guru/haripur/places/_all/all
"Haroonabad, Pakistan",https://hbl-web.peekaboo.guru/haroonabad/places/_all/all
"Hasilpur, Pakistan",https://hbl-web.peekaboo.guru/hasilpur/places/_all/all
"Hassan Abdal, Pakistan",https://hbl-web.peekaboo.guru/hassan-abdal/places/_all/all
"Havelian, Pakistan",https://hbl-web.peekaboo.guru/havelian/places/_all/all
"Hunza, Pakistan",https://hbl-web.peekaboo.guru/hunza/places/_all/all
"Hyderabad, Pakistan",https://hbl-web.peekaboo.guru/hyderabad/places/_all/all
"Jacobabad, Pakistan",https://hbl-web.peekaboo.guru/jacobabad/places/_all/all
"Jalalpur Jattan, Pakistan",https://hbl-web.peekaboo.guru/jalalpur-jattan/places/_all/all
"Jampur, Pakistan",https://hbl-web.peekaboo.guru/jampur/places/_all/all
"Jaranwala, Pakistan",https://hbl-web.peekaboo.guru/jaranwala/places/_all/all
"Jhang, Pakistan",https://hbl-web.peekaboo.guru/jhang/places/_all/all
"Jhelum, Pakistan",https://hbl-web.peekaboo.guru/jhelum/places/_all/all
"Kabirwala, Pakistan",https://hbl-web.peekaboo.guru/kabirwala/places/_all/all
"Kahror Pakka, Pakistan",https://hbl-web.peekaboo.guru/kahror-pakka/places/_all/all
"Kahuta, Pakistan",https://hbl-web.peekaboo.guru/kahuta/places/_all/all
"Kamalia, Pakistan",https://hbl-web.peekaboo.guru/kamalia/places/_all/all
"Kamoki, Pakistan",https://hbl-web.peekaboo.guru/kamoki/places/_all/all
"Karak, Pakistan",https://hbl-web.peekaboo.guru/karak/places/_all/all
"Kasur, Pakistan",https://hbl-web.peekaboo.guru/kasur/places/_all/all
"Khairpur, Pakistan",https://hbl-web.peekaboo.guru/khairpur/places/_all/all
"Khan Bela, Pakistan",https://hbl-web.peekaboo.guru/khan-bela/places/_all/all
"Khanewal, Pakistan",https://hbl-web.peekaboo.guru/khanewal/places/_all/all
"Khanpur, Pakistan",https://hbl-web.peekaboo.guru/khanpur/places/_all/all
"Kharian, Pakistan",https://hbl-web.peekaboo.guru/kharian/places/_all/all
"Khushab, Pakistan",https://hbl-web.peekaboo.guru/khushab/places/_all/all
"Kohat, Pakistan",https://hbl-web.peekaboo.guru/kohat/places/_all/all
"Kot Addu, Pakistan",https://hbl-web.peekaboo.guru/kot-addu/places/_all/all
"Kot Radha Kishan, Pakistan",https://hbl-web.peekaboo.guru/kot-radha-kishan/places/_all/all
"Kotli, Pakistan",https://hbl-web.peekaboo.guru/kotli/places/_all/all
"Kunri, Pakistan",https://hbl-web.peekaboo.guru/kunri/places/_all/all
"Lalamusa, Pakistan",https://hbl-web.peekaboo.guru/lalamusa/places/_all/all
"Larkana, Pakistan",https://hbl-web.peekaboo.guru/larkana/places/_all/all
"Lasbela, Pakistan",https://hbl-web.peekaboo.guru/lasbela/places/_all/all
"Layyah, Pakistan",https://hbl-web.peekaboo.guru/layyah/places/_all/all
"Liaquatpur, Pakistan",https://hbl-web.peekaboo.guru/liaquatpur/places/_all/all
"Lodhran, Pakistan",https://hbl-web.peekaboo.guru/lodhran/places/_all/all
"Mailsi, Pakistan",https://hbl-web.peekaboo.guru/mailsi/places/_all/all
"Mandi Bahauddin, Pakistan",https://hbl-web.peekaboo.guru/mandi-bahauddin/places/_all/all
"Mansehra, Pakistan",https://hbl-web.peekaboo.guru/mansehra/places/_all/all
"Mardan, Pakistan",https://hbl-web.peekaboo.guru/mardan/places/_all/all
"Mehar, Pakistan",https://hbl-web.peekaboo.guru/mehar/places/_all/all
"Mian Channu, Pakistan",https://hbl-web.peekaboo.guru/mian-channu/places/_all/all
"Mianwali, Pakistan",https://hbl-web.peekaboo.guru/mianwali/places/_all/all
"Mirpur Azad Kashmir, Pakistan",https://hbl-web.peekaboo.guru/mirpur-azad-kashmir/places/_all/all
"Mirpurkhas, Pakistan",https://hbl-web.peekaboo.guru/mirpurkhas/places/_all/all
"Moro, Pakistan",https://hbl-web.peekaboo.guru/moro/places/_all/all
"Muridkay, Pakistan",https://hbl-web.peekaboo.guru/muridkay/places/_all/all
"Muridke, Pakistan",https://hbl-web.peekaboo.guru/muridke/places/_all/all
"Murree, Pakistan",https://hbl-web.peekaboo.guru/murree/places/_all/all
"Muslim Bagh, Pakistan",https://hbl-web.peekaboo.guru/muslim-bagh/places/_all/all
"Muzaffarabad, Pakistan",https://hbl-web.peekaboo.guru/muzaffarabad/places/_all/all
"Muzaffargarh, Pakistan",https://hbl-web.peekaboo.guru/muzaffargarh/places/_all/all
"Narowal, Pakistan",https://hbl-web.peekaboo.guru/narowal/places/_all/all
"Nathia Gali, Pakistan",https://hbl-web.peekaboo.guru/nathia-gali/places/_all/all
"Nawabshah, Pakistan",https://hbl-web.peekaboo.guru/nawabshah/places/_all/all
"Nowshera, Pakistan",https://hbl-web.peekaboo.guru/nowshera/places/_all/all
"Okara, Pakistan",https://hbl-web.peekaboo.guru/okara/places/_all/all
"Pabbi, Pakistan",https://hbl-web.peekaboo.guru/pabbi/places/_all/all
"Pakpattan, Pakistan",https://hbl-web.peekaboo.guru/pakpattan/places/_all/all
"Pattoki, Pakistan",https://hbl-web.peekaboo.guru/pattoki/places/_all/all
"Phalia, Pakistan",https://hbl-web.peekaboo.guru/phalia/places/_all/all
"Pir Mahal, Pakistan",https://hbl-web.peekaboo.guru/pir-mahal/places/_all/all
"Pishin, Pakistan",https://hbl-web.peekaboo.guru/pishin/places/_all/all
"Qalanderabad, Pakistan",https://hbl-web.peekaboo.guru/qalanderabad/places/_all/all
"Quetta, Pakistan",https://hbl-web.peekaboo.guru/quetta/places/_all/all
"Rahimyar Khan, Pakistan",https://hbl-web.peekaboo.guru/rahimyar-khan/places/_all/all
"Raiwind, Pakistan",https://hbl-web.peekaboo.guru/raiwind/places/_all/all
"Rajanpur, Pakistan",https://hbl-web.peekaboo.guru/rajanpur/places/_all/all
"Rashidabad, Pakistan",https://hbl-web.peekaboo.guru/rashidabad/places/_all/all
"Rawalakot, Pakistan",https://hbl-web.peekaboo.guru/rawalakot/places/_all/all
"Rawat, Pakistan",https://hbl-web.peekaboo.guru/rawat/places/_all/all
"Sadiqabad, Pakistan",https://hbl-web.peekaboo.guru/sadiqabad/places/_all/all
"Sahiwal, Pakistan",https://hbl-web.peekaboo.guru/sahiwal/places/_all/all
"Sakrand, Pakistan",https://hbl-web.peekaboo.guru/sakrand/places/_all/all
"Samundri, Pakistan",https://hbl-web.peekaboo.guru/samundri/places/_all/all
"Sanghar, Pakistan",https://hbl-web.peekaboo.guru/sanghar/places/_all/all
"Sarai Alamgir, Pakistan",https://hbl-web.peekaboo.guru/sarai-alamgir/places/_all/all
"Sargodha, Pakistan",https://hbl-web.peekaboo.guru/sargodha/places/_all/all
"Shahdadpur, Pakistan",https://hbl-web.peekaboo.guru/shahdadpur/places/_all/all
"Shakar Garh, Pakistan",https://hbl-web.peekaboo.guru/shakar-garh/places/_all/all
"Sheikhupura, Pakistan",https://hbl-web.peekaboo.guru/sheikhupura/places/_all/all
"Shikarpur, Pakistan",https://hbl-web.peekaboo.guru/shikarpur/places/_all/all
"Sialkot, Pakistan",https://hbl-web.peekaboo.guru/sialkot/places/_all/all
"Sukkur, Pakistan",https://hbl-web.peekaboo.guru/sukkur/places/_all/all
"Swabi, Pakistan",https://hbl-web.peekaboo.guru/swabi/places/_all/all
"Swari, Pakistan",https://hbl-web.peekaboo.guru/swari/places/_all/all
"Swat, Pakistan",https://hbl-web.peekaboo.guru/swat/places/_all/all
"Tando Adam, Pakistan",https://hbl-web.peekaboo.guru/tando-adam/places/_all/all
"Tando Allahyar, Pakistan",https://hbl-web.peekaboo.guru/tando-allahyar/places/_all/all
"Tando Muhammad Khan, Pakistan",https://hbl-web.peekaboo.guru/tando-muhammad-khan/places/_all/all
"Tarlai, Pakistan",https://hbl-web.peekaboo.guru/tarlai/places/_all/all
"Taunsa, Pakistan",https://hbl-web.peekaboo.guru/taunsa/places/_all/all
"Taxila, Pakistan",https://hbl-web.peekaboo.guru/taxila/places/_all/all
"Timergara, Pakistan",https://hbl-web.peekaboo.guru/timergara/places/_all/all
"Toba Tek Singh, Pakistan",https://hbl-web.peekaboo.guru/toba-tek-singh/places/_all/all
"Umerkot, Pakistan",https://hbl-web.peekaboo.guru/umerkot/places/_all/all
"Vehari, Pakistan",https://hbl-web.peekaboo.guru/vehari/places/_all/all
"Wah, Pakistan",https://hbl-web.peekaboo.guru/wah/places/_all/all
"Wah Cantt, Pakistan",https://hbl-web.peekaboo.guru/wah-cantt/places/_all/all
"Wazirabad, Pakistan",https://hbl-web.peekaboo.guru/wazirabad/places/_all/all
