City,URL
Fatehpur,https://hbl-web.peekaboo.guru/fatehpur/places/_all/all
Fort Abbas,https://hbl-web.peekaboo.guru/fort-abbas/places/_all/all
Gaggoo Mandi,https://hbl-web.peekaboo.guru/gaggoo-mandi/places/_all/all
Ghotki,https://hbl-web.peekaboo.guru/ghotki/places/_all/all
Gilgit,https://hbl-web.peekaboo.guru/gilgit/places/_all/all
Gojra,https://hbl-web.peekaboo.guru/gojra/places/_all/all
Gujar Khan,https://hbl-web.peekaboo.guru/gujar-khan/places/_all/all
Gujranwala,https://hbl-web.peekaboo.guru/gujranwala/places/_all/all
Gujrat,https://hbl-web.peekaboo.guru/gujrat/places/_all/all
Gwadar,https://hbl-web.peekaboo.guru/gwadar/places/_all/all
Hafizabad,https://hbl-web.peekaboo.guru/hafizabad/places/_all/all
Haripur,https://hbl-web.peekaboo.guru/haripur/places/_all/all
Haroonabad,https://hbl-web.peekaboo.guru/haroonabad/places/_all/all
Hasilpur,https://hbl-web.peekaboo.guru/hasilpur/places/_all/all
Hassan Abdal,https://hbl-web.peekaboo.guru/hassan-abdal/places/_all/all
Havelian,https://hbl-web.peekaboo.guru/havelian/places/_all/all
Hunza,https://hbl-web.peekaboo.guru/hunza/places/_all/all
Hyderabad,https://hbl-web.peekaboo.guru/hyderabad/places/_all/all
Jacobabad,https://hbl-web.peekaboo.guru/jacobabad/places/_all/all
Jalalpur Jattan,https://hbl-web.peekaboo.guru/jalalpur-jattan/places/_all/all
Jampur,https://hbl-web.peekaboo.guru/jampur/places/_all/all
Jaranwala,https://hbl-web.peekaboo.guru/jaranwala/places/_all/all
Jhang,https://hbl-web.peekaboo.guru/jhang/places/_all/all
Jhelum,https://hbl-web.peekaboo.guru/jhelum/places/_all/all
Kabirwala,https://hbl-web.peekaboo.guru/kabirwala/places/_all/all
Kahror Pakka,https://hbl-web.peekaboo.guru/kahror-pakka/places/_all/all
Kahuta,https://hbl-web.peekaboo.guru/kahuta/places/_all/all
Kamalia,https://hbl-web.peekaboo.guru/kamalia/places/_all/all
Kamoki,https://hbl-web.peekaboo.guru/kamoki/places/_all/all
Karak,https://hbl-web.peekaboo.guru/karak/places/_all/all
Kasur,https://hbl-web.peekaboo.guru/kasur/places/_all/all
Khairpur,https://hbl-web.peekaboo.guru/khairpur/places/_all/all
Khan Bela,https://hbl-web.peekaboo.guru/khan-bela/places/_all/all
Khanewal,https://hbl-web.peekaboo.guru/khanewal/places/_all/all
Khanpur,https://hbl-web.peekaboo.guru/khanpur/places/_all/all
Kharian,https://hbl-web.peekaboo.guru/kharian/places/_all/all
Khushab,https://hbl-web.peekaboo.guru/khushab/places/_all/all
Kohat,https://hbl-web.peekaboo.guru/kohat/places/_all/all
Kot Addu,https://hbl-web.peekaboo.guru/kot-addu/places/_all/all
Kot Radha Kishan,https://hbl-web.peekaboo.guru/kot-radha-kishan/places/_all/all
Kotli,https://hbl-web.peekaboo.guru/kotli/places/_all/all
Kunri,https://hbl-web.peekaboo.guru/kunri/places/_all/all
Lalamusa,https://hbl-web.peekaboo.guru/lalamusa/places/_all/all
Larkana,https://hbl-web.peekaboo.guru/larkana/places/_all/all
Lasbela,https://hbl-web.peekaboo.guru/lasbela/places/_all/all
Layyah,https://hbl-web.peekaboo.guru/layyah/places/_all/all
Liaquatpur,https://hbl-web.peekaboo.guru/liaquatpur/places/_all/all
Lodhran,https://hbl-web.peekaboo.guru/lodhran/places/_all/all
Mailsi,https://hbl-web.peekaboo.guru/mailsi/places/_all/all
Mandi Bahauddin,https://hbl-web.peekaboo.guru/mandi-bahauddin/places/_all/all
Mansehra,https://hbl-web.peekaboo.guru/mansehra/places/_all/all
Mardan,https://hbl-web.peekaboo.guru/mardan/places/_all/all
Mehar,https://hbl-web.peekaboo.guru/mehar/places/_all/all
Mian Channu,https://hbl-web.peekaboo.guru/mian-channu/places/_all/all
Mianwali,https://hbl-web.peekaboo.guru/mianwali/places/_all/all
Mirpur Azad Kashmir,https://hbl-web.peekaboo.guru/mirpur-azad-kashmir/places/_all/all
Mirpurkhas,https://hbl-web.peekaboo.guru/mirpurkhas/places/_all/all
Moro,https://hbl-web.peekaboo.guru/moro/places/_all/all
Muridkay,https://hbl-web.peekaboo.guru/muridkay/places/_all/all
Muridke,https://hbl-web.peekaboo.guru/muridke/places/_all/all
Murree,https://hbl-web.peekaboo.guru/murree/places/_all/all
Muslim Bagh,https://hbl-web.peekaboo.guru/muslim-bagh/places/_all/all
Muzaffarabad,https://hbl-web.peekaboo.guru/muzaffarabad/places/_all/all
Muzaffargarh,https://hbl-web.peekaboo.guru/muzaffargarh/places/_all/all
Narowal,https://hbl-web.peekaboo.guru/narowal/places/_all/all
Nathia Gali,https://hbl-web.peekaboo.guru/nathia-gali/places/_all/all
Nawabshah,https://hbl-web.peekaboo.guru/nawabshah/places/_all/all
Nowshera,https://hbl-web.peekaboo.guru/nowshera/places/_all/all
Okara,https://hbl-web.peekaboo.guru/okara/places/_all/all
Pabbi,https://hbl-web.peekaboo.guru/pabbi/places/_all/all
Pakpattan,https://hbl-web.peekaboo.guru/pakpattan/places/_all/all
Pattoki,https://hbl-web.peekaboo.guru/pattoki/places/_all/all
Phalia,https://hbl-web.peekaboo.guru/phalia/places/_all/all
Pir Mahal,https://hbl-web.peekaboo.guru/pir-mahal/places/_all/all
Pishin,https://hbl-web.peekaboo.guru/pishin/places/_all/all
Qalanderabad,https://hbl-web.peekaboo.guru/qalanderabad/places/_all/all
Quetta,https://hbl-web.peekaboo.guru/quetta/places/_all/all
Rahimyar Khan,https://hbl-web.peekaboo.guru/rahimyar-khan/places/_all/all
Raiwind,https://hbl-web.peekaboo.guru/raiwind/places/_all/all
Rajanpur,https://hbl-web.peekaboo.guru/rajanpur/places/_all/all
Rashidabad,https://hbl-web.peekaboo.guru/rashidabad/places/_all/all
Rawalakot,https://hbl-web.peekaboo.guru/rawalakot/places/_all/all
Rawat,https://hbl-web.peekaboo.guru/rawat/places/_all/all
Sadiqabad,https://hbl-web.peekaboo.guru/sadiqabad/places/_all/all
Sahiwal,https://hbl-web.peekaboo.guru/sahiwal/places/_all/all
Sakrand,https://hbl-web.peekaboo.guru/sakrand/places/_all/all
Samundri,https://hbl-web.peekaboo.guru/samundri/places/_all/all
Sanghar,https://hbl-web.peekaboo.guru/sanghar/places/_all/all
Sarai Alamgir,https://hbl-web.peekaboo.guru/sarai-alamgir/places/_all/all
Sargodha,https://hbl-web.peekaboo.guru/sargodha/places/_all/all
Shahdadpur,https://hbl-web.peekaboo.guru/shahdadpur/places/_all/all
Shakar Garh,https://hbl-web.peekaboo.guru/shakar-garh/places/_all/all
Sheikhupura,https://hbl-web.peekaboo.guru/sheikhupura/places/_all/all
Shikarpur,https://hbl-web.peekaboo.guru/shikarpur/places/_all/all
Sialkot,https://hbl-web.peekaboo.guru/sialkot/places/_all/all
Sukkur,https://hbl-web.peekaboo.guru/sukkur/places/_all/all
Swabi,https://hbl-web.peekaboo.guru/swabi/places/_all/all
Swari,https://hbl-web.peekaboo.guru/swari/places/_all/all
Swat,https://hbl-web.peekaboo.guru/swat/places/_all/all
Tando Adam,https://hbl-web.peekaboo.guru/tando-adam/places/_all/all
Tando Allahyar,https://hbl-web.peekaboo.guru/tando-allahyar/places/_all/all
Tando Muhammad Khan,https://hbl-web.peekaboo.guru/tando-muhammad-khan/places/_all/all
Tarlai,https://hbl-web.peekaboo.guru/tarlai/places/_all/all
Taunsa,https://hbl-web.peekaboo.guru/taunsa/places/_all/all
Taxila,https://hbl-web.peekaboo.guru/taxila/places/_all/all
Timergara,https://hbl-web.peekaboo.guru/timergara/places/_all/all
Toba Tek Singh,https://hbl-web.peekaboo.guru/toba-tek-singh/places/_all/all
Umerkot,https://hbl-web.peekaboo.guru/umerkot/places/_all/all
Vehari,https://hbl-web.peekaboo.guru/vehari/places/_all/all
Wah,https://hbl-web.peekaboo.guru/wah/places/_all/all
Wah Cantt,https://hbl-web.peekaboo.guru/wah-cantt/places/_all/all
Wazirabad,https://hbl-web.peekaboo.guru/wazirabad/places/_all/all
Abbottabad,https://hbl-web.peekaboo.guru/abbottabad/places/_all/all
Ahmed Pur East,https://hbl-web.peekaboo.guru/ahmed-pur-east/places/_all/all
Arifwala,https://hbl-web.peekaboo.guru/arifwala/places/_all/all
Attock,https://hbl-web.peekaboo.guru/attock/places/_all/all
Bahawalnagar,https://hbl-web.peekaboo.guru/bahawalnagar/places/_all/all
Bahawalpur,https://hbl-web.peekaboo.guru/bahawalpur/places/_all/all
Bannu,https://hbl-web.peekaboo.guru/bannu/places/_all/all
Batagram,https://hbl-web.peekaboo.guru/batagram/places/_all/all
Bhalwal,https://hbl-web.peekaboo.guru/bhalwal/places/_all/all
Bhera,https://hbl-web.peekaboo.guru/bhera/places/_all/all
Burewala,https://hbl-web.peekaboo.guru/burewala/places/_all/all
Chakwal,https://hbl-web.peekaboo.guru/chakwal/places/_all/all
Charsadda,https://hbl-web.peekaboo.guru/charsadda/places/_all/all
Chichawatni,https://hbl-web.peekaboo.guru/chichawatni/places/_all/all
Chiniot,https://hbl-web.peekaboo.guru/chiniot/places/_all/all
Chishtian,https://hbl-web.peekaboo.guru/chishtian/places/_all/all
Dadu,https://hbl-web.peekaboo.guru/dadu/places/_all/all
Dadyal,https://hbl-web.peekaboo.guru/dadyal/places/_all/all
Daska,https://hbl-web.peekaboo.guru/daska/places/_all/all
Depalpur,https://hbl-web.peekaboo.guru/depalpur/places/_all/all
Dera Ghazi Khan,https://hbl-web.peekaboo.guru/dera-ghazi-khan/places/_all/all
Dera Ismail Khan,https://hbl-web.peekaboo.guru/dera-ismail-khan/places/_all/all
Digri,https://hbl-web.peekaboo.guru/digri/places/_all/all
Dina,https://hbl-web.peekaboo.guru/dina/places/_all/all
Dinga,https://hbl-web.peekaboo.guru/dinga/places/_all/all
Dunyapur,https://hbl-web.peekaboo.guru/dunyapur/places/_all/all
Faisalabad,https://hbl-web.peekaboo.guru/faisalabad/places/_all/all
